Product Name,Rating,Customers_Rated,Price,URL
"boAt Newly Launched Aavante Bar 5400D with 550W Dolby Audio, 5.1 Channel with Wireless subwoofer & Satellites, 3 Dynamic LED Modes, Decor Enhancing Design, LED Display(Premium Black)",4.1 out of 5 stars,46488,19999.0,https://www.amazon.in/boAt-Launched-subwoofer-Satellites-Enhancing/dp/B0CQ814YP4/ref=sr_1_11?dib=eyJ2IjoiMSJ9.R9MxH6_oPLzN7JyZ7EHYHe24TeIpe7RB4QXLbzsC_xYq_MH_E_Y7m5ZjM2hIB-v4ztS4ls966g8cMgnnp0Vp6gR0ONOWQEahjOE0mk771MYJRMqtMrwZDARLCpWCwGZEWi1xOGsvJliCQYuthAZSPd2mdDKvxJdLiG5R_qYmFDfoZ8RiHkD-W02uKkMaLwsNe12I14tVpQNR17etCCcPyrSjkHDX_e7w76fSl_rIuL4.VLjbk5AWvjT9De1js3esBhJAYL7SBxyVrdgo_UsiTjA&dib_tag=se&keywords=boat+dolby+sound+bar&qid=1714047097&sr=8-11
"boAt Aavante Bar 4000DA with Dolby Atmos 3D 200 W Bluetooth Soundbar (Premium Black, 2.1 Channel)",4.1 out of 5 stars,46488,12999.0,https://www.amazon.in/boAt-Aavante-Bluetooth-Soundbar-Premium/dp/B09SZ4M4V9/ref=sr_1_2?dib=eyJ2IjoiMSJ9.R9MxH6_oPLzN7JyZ7EHYHe24TeIpe7RB4QXLbzsC_xYq_MH_E_Y7m5ZjM2hIB-v4ztS4ls966g8cMgnnp0Vp6gR0ONOWQEahjOE0mk771MYJRMqtMrwZDARLCpWCwGZEWi1xOGsvJliCQYuthAZSPd2mdDKvxJdLiG5R_qYmFDfoZ8RiHkD-W02uKkMaLwsNe12I14tVpQNR17etCCcPyrSjkHDX_e7w76fSl_rIuL4.VLjbk5AWvjT9De1js3esBhJAYL7SBxyVrdgo_UsiTjA&dib_tag=se&keywords=boat+dolby+sound+bar&qid=1714047097&sr=8-2
"boAt AAVANTE Bar 2050 160W 2.1 Channel Bluetooth Soundbar Signature Sound, Wireless Subwoofer, Multiple Connectivity Modes, Entertainment Modes(Premium Black)",4.1 out of 5 stars,46488,10999.0,https://www.amazon.in/Bluetooth-Signature-Subwoofer-Connectivity-Entertainment/dp/B08CVTJ7NJ/ref=sr_1_8?dib=eyJ2IjoiMSJ9.R9MxH6_oPLzN7JyZ7EHYHe24TeIpe7RB4QXLbzsC_xYq_MH_E_Y7m5ZjM2hIB-v4ztS4ls966g8cMgnnp0Vp6gR0ONOWQEahjOE0mk771MYJRMqtMrwZDARLCpWCwGZEWi1xOGsvJliCQYuthAZSPd2mdDKvxJdLiG5R_qYmFDfoZ8RiHkD-W02uKkMaLwsNe12I14tVpQNR17etCCcPyrSjkHDX_e7w76fSl_rIuL4.VLjbk5AWvjT9De1js3esBhJAYL7SBxyVrdgo_UsiTjA&dib_tag=se&keywords=boat+dolby+sound+bar&qid=1714047097&sr=8-8
"boAt Aavante Bar 1680D Bluetooth Soundbar with Dolby Audio, 120W RMS Signature Sound, 2.1 Channel, 3D Surround Sound, Multi-Compatibility and Master Remote Control(Knight Black)",4.1 out of 5 stars,46488,9999.0,https://www.amazon.in/boAt-Aavante-Bar-1680D-Multi-Compatibility/dp/B0BKZKY2Y8/ref=sr_1_1?dib=eyJ2IjoiMSJ9.R9MxH6_oPLzN7JyZ7EHYHe24TeIpe7RB4QXLbzsC_xYq_MH_E_Y7m5ZjM2hIB-v4ztS4ls966g8cMgnnp0Vp6gR0ONOWQEahjOE0mk771MYJRMqtMrwZDARLCpWCwGZEWi1xOGsvJliCQYuthAZSPd2mdDKvxJdLiG5R_qYmFDfoZ8RiHkD-W02uKkMaLwsNe12I14tVpQNR17etCCcPyrSjkHDX_e7w76fSl_rIuL4.VLjbk5AWvjT9De1js3esBhJAYL7SBxyVrdgo_UsiTjA&dib_tag=se&keywords=boat+dolby+sound+bar&qid=1714047097&sr=8-1
"boAt Aavante Bar 1680D Bluetooth Soundbar with Dolby Audio, 120W RMS Signature Sound, 2.1 Channel, 3D Surround Sound, Multi-Compatibility and Master Remote Control(Knight Black)",4.1 out of 5 stars,46488,9999.0,https://www.amazon.in/boAt-Aavante-Bar-1680D-Multi-Compatibility/dp/B0BKZKY2Y8/ref=sr_1_1?dib=eyJ2IjoiMSJ9.R9MxH6_oPLzN7JyZ7EHYHe24TeIpe7RB4QXLbzsC_xYq_MH_E_Y7m5ZjM2hIB-v4ztS4ls966g8cMgnnp0Vp6gR0ONOWQEahjOE0mk771MYJRMqtMrwZDARLCpWCwGZEWi1xOGsvJliCQYuthAZSPd2mdDKvxJdLiG5R_qYmFDfoZ8RiHkD-W02uKkMaLwsNe12I14tVpQNR17etCCcPyrSjkHDX_e7w76fSl_rIuL4.VLjbk5AWvjT9De1js3esBhJAYL7SBxyVrdgo_UsiTjA&dib_tag=se&keywords=boat+dolby+sound+bar&qid=1714047097&sr=8-1
"boAt Aavante Bar Stark Bluetooth Soundbar with 160W RMS Signature Sound, 2.1 Channel w/Wireless Subwoofer,Multi-Connectivity Modes,BT v5.3,EQ Modes & Remote Control(Premium Black)",4.1 out of 5 stars,46488,9499.0,https://www.amazon.in/boAt-Bluetooth-Signature-Multi-Connectivity-Premium-Black/dp/B0C36ZDJPV/ref=sr_1_10?dib=eyJ2IjoiMSJ9.R9MxH6_oPLzN7JyZ7EHYHe24TeIpe7RB4QXLbzsC_xYq_MH_E_Y7m5ZjM2hIB-v4ztS4ls966g8cMgnnp0Vp6gR0ONOWQEahjOE0mk771MYJRMqtMrwZDARLCpWCwGZEWi1xOGsvJliCQYuthAZSPd2mdDKvxJdLiG5R_qYmFDfoZ8RiHkD-W02uKkMaLwsNe12I14tVpQNR17etCCcPyrSjkHDX_e7w76fSl_rIuL4.VLjbk5AWvjT9De1js3esBhJAYL7SBxyVrdgo_UsiTjA&dib_tag=se&keywords=boat+dolby+sound+bar&qid=1714047097&sr=8-10
"boAt Aavante Bar 2400 5.1CH Soundbar with 180W RMS, Wired Subwoofer, 2 Rear Satellites, Signature Sound, Multi Compatibility, EQ Modes & Remote Control(Premium Black)",4.1 out of 5 stars,46488,7539.0,https://www.amazon.in/boAt-Aavante-Bar-2400-Compatibility/dp/B0CBPB516H/ref=sr_1_6?dib=eyJ2IjoiMSJ9.R9MxH6_oPLzN7JyZ7EHYHe24TeIpe7RB4QXLbzsC_xYq_MH_E_Y7m5ZjM2hIB-v4ztS4ls966g8cMgnnp0Vp6gR0ONOWQEahjOE0mk771MYJRMqtMrwZDARLCpWCwGZEWi1xOGsvJliCQYuthAZSPd2mdDKvxJdLiG5R_qYmFDfoZ8RiHkD-W02uKkMaLwsNe12I14tVpQNR17etCCcPyrSjkHDX_e7w76fSl_rIuL4.VLjbk5AWvjT9De1js3esBhJAYL7SBxyVrdgo_UsiTjA&dib_tag=se&keywords=boat+dolby+sound+bar&qid=1714047097&sr=8-6
"boAt Aavante Bar 1500 2.1 Channel Home Theatre Soundbar with 120W Signature Sound, Wired Subwoofer, Multiple Connectivity Modes, Entertainment EQ Modes and Sleek Finish (Black)",4.1 out of 5 stars,46488,5999.0,https://www.amazon.in/Bar-Wireless-Bluetooth-Soundbar-Subwoofer/dp/B07FPLKKCS/ref=sr_1_15?dib=eyJ2IjoiMSJ9.R9MxH6_oPLzN7JyZ7EHYHe24TeIpe7RB4QXLbzsC_xYq_MH_E_Y7m5ZjM2hIB-v4ztS4ls966g8cMgnnp0Vp6gR0ONOWQEahjOE0mk771MYJRMqtMrwZDARLCpWCwGZEWi1xOGsvJliCQYuthAZSPd2mdDKvxJdLiG5R_qYmFDfoZ8RiHkD-W02uKkMaLwsNe12I14tVpQNR17etCCcPyrSjkHDX_e7w76fSl_rIuL4.VLjbk5AWvjT9De1js3esBhJAYL7SBxyVrdgo_UsiTjA&dib_tag=se&keywords=boat+dolby+sound+bar&qid=1714047097&sr=8-15
boAt Aavante Bar 1160 60 Watt 2.0 Channel Wireless Bluetooth Soundbar (Premium Black),4.1 out of 5 stars,46488,5299.0,https://www.amazon.in/Boat-1160-Bluetooth-Compatibility-Entertainment/dp/B086FCHZGZ/ref=sr_1_14?dib=eyJ2IjoiMSJ9.R9MxH6_oPLzN7JyZ7EHYHe24TeIpe7RB4QXLbzsC_xYq_MH_E_Y7m5ZjM2hIB-v4ztS4ls966g8cMgnnp0Vp6gR0ONOWQEahjOE0mk771MYJRMqtMrwZDARLCpWCwGZEWi1xOGsvJliCQYuthAZSPd2mdDKvxJdLiG5R_qYmFDfoZ8RiHkD-W02uKkMaLwsNe12I14tVpQNR17etCCcPyrSjkHDX_e7w76fSl_rIuL4.VLjbk5AWvjT9De1js3esBhJAYL7SBxyVrdgo_UsiTjA&dib_tag=se&keywords=boat+dolby+sound+bar&qid=1714047097&sr=8-14
"ZEBRONICS JUKE BAR 9530 Pro Dolby Soundbar with 5.1 CH surround sound 340W output, 16.51cm Subwoofer, Bluetooth 5.0, HDMI (ARC), Optical IN, USB, AUX, Dual Rear Satellites, LED Display and RGB LED.",4.0 out of 5 stars,23924,12999.0,https://www.amazon.in/ZEBRONICS-Soundbar-Subwoofer-Bluetooth-Satellites/dp/B0CBS4YLSC/ref=sr_1_12?dib=eyJ2IjoiMSJ9.R9MxH6_oPLzN7JyZ7EHYHe24TeIpe7RB4QXLbzsC_xYq_MH_E_Y7m5ZjM2hIB-v4ztS4ls966g8cMgnnp0Vp6gR0ONOWQEahjOE0mk771MYJRMqtMrwZDARLCpWCwGZEWi1xOGsvJliCQYuthAZSPd2mdDKvxJdLiG5R_qYmFDfoZ8RiHkD-W02uKkMaLwsNe12I14tVpQNR17etCCcPyrSjkHDX_e7w76fSl_rIuL4.VLjbk5AWvjT9De1js3esBhJAYL7SBxyVrdgo_UsiTjA&dib_tag=se&keywords=boat+dolby+sound+bar&qid=1714047097&sr=8-12
"ZEBRONICS Juke BAR 9750 PRO 5.1.2 Surround Dolby Atmos 525W Soundbar with Subwoofer, Dual Wireless Rear Satellites, HDMI eARC, Optical, Bluetooth 5.0, Wall Mount & Remote Control",4.0 out of 5 stars,23922,19039.0,https://www.amazon.in/ZEBRONICS-Surround-Subwoofer-Satellites-Bluetooth/dp/B0BKL8PS9D/ref=sr_1_28?dib=eyJ2IjoiMSJ9.1bEOEQRwNQ8xR2-rC2Tpga0NNic-0QXWEEGvf_n-kEPI_Zv8cwHQN4-Alff343V2hFYICDncJQvgYE9vKn31fczPBu7TgYijjL3YK9Olky1lA_f0CNBX1LQVIGZ37hhj7pFGmBYKrjYuvCEijwapYN6RthXsquJzUhnoWSAlSmmjCZS7BOCQqe0gPeNogCtblnkbDRHUPrIUOPRrgLUAklXHaiOBnqcfgJdruzKAnos.PEIkvTle2qJ2wAuR5d3_CE0B2hUQyYHReKPwvmvkdgU&dib_tag=se&keywords=boat+dolby+sound+bar&qid=1714047116&sr=8-28
"ZEBRONICS Zeb-Juke BAR 9500WS PRO Dolby 5.1 soundbar with Wireless Satellites, Dolby Audio, 525 Watts Output Power, 16.5cm subwoofer, HDMI ARC, Optical, BT v5.0, LED Display, Wall Mount and AUX,Black",4.0 out of 5 stars,23922,13999.0,https://www.amazon.in/ZEBRONICS-BAR-9500WS-PRO-5-1/dp/B09QKZNMVD/ref=sr_1_18?dib=eyJ2IjoiMSJ9.1bEOEQRwNQ8xR2-rC2Tpga0NNic-0QXWEEGvf_n-kEPI_Zv8cwHQN4-Alff343V2hFYICDncJQvgYE9vKn31fczPBu7TgYijjL3YK9Olky1lA_f0CNBX1LQVIGZ37hhj7pFGmBYKrjYuvCEijwapYN6RthXsquJzUhnoWSAlSmmjCZS7BOCQqe0gPeNogCtblnkbDRHUPrIUOPRrgLUAklXHaiOBnqcfgJdruzKAnos.PEIkvTle2qJ2wAuR5d3_CE0B2hUQyYHReKPwvmvkdgU&dib_tag=se&keywords=boat+dolby+sound+bar&qid=1714047116&sr=8-18
"boAt Aavante Bar 3200D Soundbar with Dolby Audio,350W RMS Signature Sound,5.1 Channel,3D Surround Sound,Dual Wireless Rear Speakers&Master Remote(Premium Black)(Premium Black)",3.9 out of 5 stars,426,16999.0,https://www.amazon.in/boAt-Aavante-Bar-3200D-Signature/dp/B0BW9NWMPL/ref=sr_1_3?dib=eyJ2IjoiMSJ9.R9MxH6_oPLzN7JyZ7EHYHe24TeIpe7RB4QXLbzsC_xYq_MH_E_Y7m5ZjM2hIB-v4ztS4ls966g8cMgnnp0Vp6gR0ONOWQEahjOE0mk771MYJRMqtMrwZDARLCpWCwGZEWi1xOGsvJliCQYuthAZSPd2mdDKvxJdLiG5R_qYmFDfoZ8RiHkD-W02uKkMaLwsNe12I14tVpQNR17etCCcPyrSjkHDX_e7w76fSl_rIuL4.VLjbk5AWvjT9De1js3esBhJAYL7SBxyVrdgo_UsiTjA&dib_tag=se&keywords=boat+dolby+sound+bar&qid=1714047097&sr=8-3
"boAt Aavante Bar 4100DA Bluetooth Soundbar with Dolby Atmos 3D Cinematic Sound,300W RMS Signature Sound,3.1.2 Channel, BT v5.3,Multi-Connectivity&EQ Modes &Remote Control(Premium Black)",3.7 out of 5 stars,16,19999.0,https://www.amazon.in/boAt-Aavante-Bar-4100DA-Multi-Connectivity/dp/B0CDQ398JL/ref=sr_1_4?dib=eyJ2IjoiMSJ9.R9MxH6_oPLzN7JyZ7EHYHe24TeIpe7RB4QXLbzsC_xYq_MH_E_Y7m5ZjM2hIB-v4ztS4ls966g8cMgnnp0Vp6gR0ONOWQEahjOE0mk771MYJRMqtMrwZDARLCpWCwGZEWi1xOGsvJliCQYuthAZSPd2mdDKvxJdLiG5R_qYmFDfoZ8RiHkD-W02uKkMaLwsNe12I14tVpQNR17etCCcPyrSjkHDX_e7w76fSl_rIuL4.VLjbk5AWvjT9De1js3esBhJAYL7SBxyVrdgo_UsiTjA&dib_tag=se&keywords=boat+dolby+sound+bar&qid=1714047097&sr=8-4
"boAt Aavante Bar 5500DA 500W Bluetooth Soundbar w/Dolby Atmos & Cinematic Sound,5.1.2 Channel,8 Drivers for Surround Sound Effect,Multi- Compatibility, Remote Control(Premium Black)",3.6 out of 5 stars,72,24999.0,https://www.amazon.in/boAt-Aavante-Bar-5500DA-Compatibility/dp/B0CJLQL9VN/ref=sr_1_5?dib=eyJ2IjoiMSJ9.R9MxH6_oPLzN7JyZ7EHYHe24TeIpe7RB4QXLbzsC_xYq_MH_E_Y7m5ZjM2hIB-v4ztS4ls966g8cMgnnp0Vp6gR0ONOWQEahjOE0mk771MYJRMqtMrwZDARLCpWCwGZEWi1xOGsvJliCQYuthAZSPd2mdDKvxJdLiG5R_qYmFDfoZ8RiHkD-W02uKkMaLwsNe12I14tVpQNR17etCCcPyrSjkHDX_e7w76fSl_rIuL4.VLjbk5AWvjT9De1js3esBhJAYL7SBxyVrdgo_UsiTjA&dib_tag=se&keywords=boat+dolby+sound+bar&qid=1714047097&sr=8-5
"boAt Aavante Bar Orion Soundbar with 160W RMS Signature Sound, 2.1 CH, BT v5.3, Multi-Compatibility Modes, Wired Subwoofer, EQ Controls, Dynamic LEDs & Master Remote Control(Pitch Black)",4.1 out of 5 stars,3207,7499.0,https://www.amazon.in/boAt-Soundbar-Signature-Multi-Compatibility-Subwoofer/dp/B0BBVBCL3F/ref=sr_1_7?dib=eyJ2IjoiMSJ9.R9MxH6_oPLzN7JyZ7EHYHe24TeIpe7RB4QXLbzsC_xYq_MH_E_Y7m5ZjM2hIB-v4ztS4ls966g8cMgnnp0Vp6gR0ONOWQEahjOE0mk771MYJRMqtMrwZDARLCpWCwGZEWi1xOGsvJliCQYuthAZSPd2mdDKvxJdLiG5R_qYmFDfoZ8RiHkD-W02uKkMaLwsNe12I14tVpQNR17etCCcPyrSjkHDX_e7w76fSl_rIuL4.VLjbk5AWvjT9De1js3esBhJAYL7SBxyVrdgo_UsiTjA&dib_tag=se&keywords=boat+dolby+sound+bar&qid=1714047097&sr=8-7
"ZEBRONICS ZEB-JUKE BAR 3800 PRO DOLBY Wireless Bluetooth Single Soundbar With Supporting Wall Mount, USB, AUX, Optical IN, HDMI ARC & Remote Control. (60 Watt, 2.0 Channel)",4.0 out of 5 stars,23922,4849.0,https://www.amazon.in/ZEBRONICS-Zeb-Juke-Soundbar-Supporting-Bluetooth/dp/B08R1J4VXB/ref=sr_1_9?dib=eyJ2IjoiMSJ9.R9MxH6_oPLzN7JyZ7EHYHe24TeIpe7RB4QXLbzsC_xYq_MH_E_Y7m5ZjM2hIB-v4ztS4ls966g8cMgnnp0Vp6gR0ONOWQEahjOE0mk771MYJRMqtMrwZDARLCpWCwGZEWi1xOGsvJliCQYuthAZSPd2mdDKvxJdLiG5R_qYmFDfoZ8RiHkD-W02uKkMaLwsNe12I14tVpQNR17etCCcPyrSjkHDX_e7w76fSl_rIuL4.VLjbk5AWvjT9De1js3esBhJAYL7SBxyVrdgo_UsiTjA&dib_tag=se&keywords=boat+dolby+sound+bar&qid=1714047097&sr=8-9
"boAt Aavante Bar 2700 Bluetooth Soundbar with 300W RMS, 2.1CH with Wired Subwoofer, Signature Sound, Multi-Compatibility, EQ Modes, Bluetooth v5.3(Midnight Black)",3.7 out of 5 stars,10,0.0,https://www.amazon.in/boAt-Aavante-Bar-2700-Multi-Compatibility/dp/B0CHM8BZMF/ref=sr_1_13?dib=eyJ2IjoiMSJ9.R9MxH6_oPLzN7JyZ7EHYHe24TeIpe7RB4QXLbzsC_xYq_MH_E_Y7m5ZjM2hIB-v4ztS4ls966g8cMgnnp0Vp6gR0ONOWQEahjOE0mk771MYJRMqtMrwZDARLCpWCwGZEWi1xOGsvJliCQYuthAZSPd2mdDKvxJdLiG5R_qYmFDfoZ8RiHkD-W02uKkMaLwsNe12I14tVpQNR17etCCcPyrSjkHDX_e7w76fSl_rIuL4.VLjbk5AWvjT9De1js3esBhJAYL7SBxyVrdgo_UsiTjA&dib_tag=se&keywords=boat+dolby+sound+bar&qid=1714047097&sr=8-13
"boAt Aavante Bar 3600 Bluetooth Soundbar w/ 500W RMS Signature Sound,5.1 Channel Surround Sound,BTv5.3, Wall Mountable Design,Bass&Treble Controls&Master Remote Control(Premium Black)",3.8 out of 5 stars,102,14999.0,https://www.amazon.in/boAt-Bluetooth-Soundbar-Signature-Mountable/dp/B0CG6N53DP/ref=sr_1_16?dib=eyJ2IjoiMSJ9.R9MxH6_oPLzN7JyZ7EHYHe24TeIpe7RB4QXLbzsC_xYq_MH_E_Y7m5ZjM2hIB-v4ztS4ls966g8cMgnnp0Vp6gR0ONOWQEahjOE0mk771MYJRMqtMrwZDARLCpWCwGZEWi1xOGsvJliCQYuthAZSPd2mdDKvxJdLiG5R_qYmFDfoZ8RiHkD-W02uKkMaLwsNe12I14tVpQNR17etCCcPyrSjkHDX_e7w76fSl_rIuL4.VLjbk5AWvjT9De1js3esBhJAYL7SBxyVrdgo_UsiTjA&dib_tag=se&keywords=boat+dolby+sound+bar&qid=1714047097&sr=8-16
"boAt Aavante Bar Mystiq Soundbar with 100W RMS Signature Sound, 2.1 CH,Multi-Connectivity Modes,BT v5.3,Wired Subwoofer,EQ Modes,Bass & Treble Control & Remote Control(Pitch Black)",4.0 out of 5 stars,1367,6299.0,https://www.amazon.in/boAt-Soundbar-Signature-Multi-Connectivity-Subwoofer/dp/B0BTDNZQWJ/ref=sr_1_17?dib=eyJ2IjoiMSJ9.1bEOEQRwNQ8xR2-rC2Tpga0NNic-0QXWEEGvf_n-kEPI_Zv8cwHQN4-Alff343V2hFYICDncJQvgYE9vKn31fczPBu7TgYijjL3YK9Olky1lA_f0CNBX1LQVIGZ37hhj7pFGmBYKrjYuvCEijwapYN6RthXsquJzUhnoWSAlSmmjCZS7BOCQqe0gPeNogCtblnkbDRHUPrIUOPRrgLUAklXHaiOBnqcfgJdruzKAnos.PEIkvTle2qJ2wAuR5d3_CE0B2hUQyYHReKPwvmvkdgU&dib_tag=se&keywords=boat+dolby+sound+bar&qid=1714047116&sr=8-17
"boAt Aavante Bar Mystiq Soundbar with 100W RMS Signature Sound, 2.1 CH,Multi-Connectivity Modes,BT v5.3,Wired Subwoofer,EQ Modes,Bass & Treble Control & Remote Control(Pitch Black)",4.0 out of 5 stars,1367,6299.0,https://www.amazon.in/boAt-Soundbar-Signature-Multi-Connectivity-Subwoofer/dp/B0BTDNZQWJ/ref=sr_1_17?dib=eyJ2IjoiMSJ9.1bEOEQRwNQ8xR2-rC2Tpga0NNic-0QXWEEGvf_n-kEPI_Zv8cwHQN4-Alff343V2hFYICDncJQvgYE9vKn31fczPBu7TgYijjL3YK9Olky1lA_f0CNBX1LQVIGZ37hhj7pFGmBYKrjYuvCEijwapYN6RthXsquJzUhnoWSAlSmmjCZS7BOCQqe0gPeNogCtblnkbDRHUPrIUOPRrgLUAklXHaiOBnqcfgJdruzKAnos.PEIkvTle2qJ2wAuR5d3_CE0B2hUQyYHReKPwvmvkdgU&dib_tag=se&keywords=boat+dolby+sound+bar&qid=1714047116&sr=8-17
"boAt Aavante Bar Rhythm Soundbar with 60W RMS Signature Sound, 2.0 Channel, Multi-Connectivity Modes(USB, HDMI, Aux, BT v5.3) EQ Modes, Bass & Treble Controls & Remote Control(Carbon Black)",3.7 out of 5 stars,93,3499.0,https://www.amazon.in/boAt-Aavante-Bar-Rhythm-Multi-Connectivity/dp/B0CKFF7SVH/ref=sr_1_19?dib=eyJ2IjoiMSJ9.1bEOEQRwNQ8xR2-rC2Tpga0NNic-0QXWEEGvf_n-kEPI_Zv8cwHQN4-Alff343V2hFYICDncJQvgYE9vKn31fczPBu7TgYijjL3YK9Olky1lA_f0CNBX1LQVIGZ37hhj7pFGmBYKrjYuvCEijwapYN6RthXsquJzUhnoWSAlSmmjCZS7BOCQqe0gPeNogCtblnkbDRHUPrIUOPRrgLUAklXHaiOBnqcfgJdruzKAnos.PEIkvTle2qJ2wAuR5d3_CE0B2hUQyYHReKPwvmvkdgU&dib_tag=se&keywords=boat+dolby+sound+bar&qid=1714047116&sr=8-19
"GOVO GOSURROUND 970 | 525W Soundbar, 5.1 Channel Home Theatre with Dolby Audio, 6.5"" subwoofer, Opt, AUX, USB & Bluetooth, 5 Equalizer Modes, Stylish Remote & LED Display (Platinum Black)",4.3 out of 5 stars,6100,11999.0,https://www.amazon.in/GOVO-GOSURROUND-970-subwoofer-Bluetooth/dp/B0CKYTNQB2/ref=sr_1_20?dib=eyJ2IjoiMSJ9.1bEOEQRwNQ8xR2-rC2Tpga0NNic-0QXWEEGvf_n-kEPI_Zv8cwHQN4-Alff343V2hFYICDncJQvgYE9vKn31fczPBu7TgYijjL3YK9Olky1lA_f0CNBX1LQVIGZ37hhj7pFGmBYKrjYuvCEijwapYN6RthXsquJzUhnoWSAlSmmjCZS7BOCQqe0gPeNogCtblnkbDRHUPrIUOPRrgLUAklXHaiOBnqcfgJdruzKAnos.PEIkvTle2qJ2wAuR5d3_CE0B2hUQyYHReKPwvmvkdgU&dib_tag=se&keywords=boat+dolby+sound+bar&qid=1714047116&sr=8-20
"boAt Aavante Bar 900/908 Bluetooth Soundbar with 30W RMS, 2.0 Channel, Multiple Connectivity, EQ Modes, Sleek Finish, Easy Access Integrated Controls(Premium Black)",3.6 out of 5 stars,1248,2499.0,https://www.amazon.in/boAt-Bluetooth-Soundbar-Connectivity-Integrated/dp/B09LMCRWF2/ref=sr_1_21?dib=eyJ2IjoiMSJ9.1bEOEQRwNQ8xR2-rC2Tpga0NNic-0QXWEEGvf_n-kEPI_Zv8cwHQN4-Alff343V2hFYICDncJQvgYE9vKn31fczPBu7TgYijjL3YK9Olky1lA_f0CNBX1LQVIGZ37hhj7pFGmBYKrjYuvCEijwapYN6RthXsquJzUhnoWSAlSmmjCZS7BOCQqe0gPeNogCtblnkbDRHUPrIUOPRrgLUAklXHaiOBnqcfgJdruzKAnos.PEIkvTle2qJ2wAuR5d3_CE0B2hUQyYHReKPwvmvkdgU&dib_tag=se&keywords=boat+dolby+sound+bar&qid=1714047116&sr=8-21
boAt Aavante Bar 1180 60 Watt 2.0 Channel Wireless Bluetooth Soundbar(Premium Black),4.2 out of 5 stars,13990,3999.0,https://www.amazon.in/boAt-Aavante-Bar-1180-Bluetooth/dp/B0C9ZX68G1/ref=sr_1_22?dib=eyJ2IjoiMSJ9.1bEOEQRwNQ8xR2-rC2Tpga0NNic-0QXWEEGvf_n-kEPI_Zv8cwHQN4-Alff343V2hFYICDncJQvgYE9vKn31fczPBu7TgYijjL3YK9Olky1lA_f0CNBX1LQVIGZ37hhj7pFGmBYKrjYuvCEijwapYN6RthXsquJzUhnoWSAlSmmjCZS7BOCQqe0gPeNogCtblnkbDRHUPrIUOPRrgLUAklXHaiOBnqcfgJdruzKAnos.PEIkvTle2qJ2wAuR5d3_CE0B2hUQyYHReKPwvmvkdgU&dib_tag=se&keywords=boat+dolby+sound+bar&qid=1714047116&sr=8-22
"boAt Aavante Bar 490 Bluetooth Soundbar 10W RMS Signature Sound,2.0 Channel,BTv5.1,Dual Full-Range Drivers, AUX, TF Card, USB, Upto 7 Hrs Playback,Built-in Mic,TWS Feature(Classic Black)",3.9 out of 5 stars,396,1199.0,https://www.amazon.in/boAt-Aavante-Bar-490-Full-Range/dp/B0CH3G9VR2/ref=sr_1_23?dib=eyJ2IjoiMSJ9.1bEOEQRwNQ8xR2-rC2Tpga0NNic-0QXWEEGvf_n-kEPI_Zv8cwHQN4-Alff343V2hFYICDncJQvgYE9vKn31fczPBu7TgYijjL3YK9Olky1lA_f0CNBX1LQVIGZ37hhj7pFGmBYKrjYuvCEijwapYN6RthXsquJzUhnoWSAlSmmjCZS7BOCQqe0gPeNogCtblnkbDRHUPrIUOPRrgLUAklXHaiOBnqcfgJdruzKAnos.PEIkvTle2qJ2wAuR5d3_CE0B2hUQyYHReKPwvmvkdgU&dib_tag=se&keywords=boat+dolby+sound+bar&qid=1714047116&sr=8-23
"Blaupunkt Newly Launched SBA01 Krisp Dolby Audio 100W Wireless Bluetooth Standalone Soundbar with HDMI-ARC, Optical, Aux-in, USB & Bluetooth I Multiple Connectivity I Remote Control (Black)",3.9 out of 5 stars,286,0.0,https://www.amazon.in/Blaupunkt-SBA01-Krisp-Dolby-Connectivity/dp/B0CGRD12YF/ref=sr_1_24?dib=eyJ2IjoiMSJ9.1bEOEQRwNQ8xR2-rC2Tpga0NNic-0QXWEEGvf_n-kEPI_Zv8cwHQN4-Alff343V2hFYICDncJQvgYE9vKn31fczPBu7TgYijjL3YK9Olky1lA_f0CNBX1LQVIGZ37hhj7pFGmBYKrjYuvCEijwapYN6RthXsquJzUhnoWSAlSmmjCZS7BOCQqe0gPeNogCtblnkbDRHUPrIUOPRrgLUAklXHaiOBnqcfgJdruzKAnos.PEIkvTle2qJ2wAuR5d3_CE0B2hUQyYHReKPwvmvkdgU&dib_tag=se&keywords=boat+dolby+sound+bar&qid=1714047116&sr=8-24
"boAt Aavante Bar 1580 2.1 Channel Home Theatre Soundbar with 120W Signature Sound, Wired Subwoofer, Multiple Connectivity Modes, Entertainment EQ Modes(Premium Black)",4.4 out of 5 stars,41,9499.0,https://www.amazon.in/boAt-Signature-Subwoofer-Connectivity-Entertainment/dp/B0BZD96KX3/ref=sr_1_25?dib=eyJ2IjoiMSJ9.1bEOEQRwNQ8xR2-rC2Tpga0NNic-0QXWEEGvf_n-kEPI_Zv8cwHQN4-Alff343V2hFYICDncJQvgYE9vKn31fczPBu7TgYijjL3YK9Olky1lA_f0CNBX1LQVIGZ37hhj7pFGmBYKrjYuvCEijwapYN6RthXsquJzUhnoWSAlSmmjCZS7BOCQqe0gPeNogCtblnkbDRHUPrIUOPRrgLUAklXHaiOBnqcfgJdruzKAnos.PEIkvTle2qJ2wAuR5d3_CE0B2hUQyYHReKPwvmvkdgU&dib_tag=se&keywords=boat+dolby+sound+bar&qid=1714047116&sr=8-25
"Samsung Dolby Digital Bluetooth Soundbar (HW-T42E/XL, Black, 2.1 Channel)",4.1 out of 5 stars,1898,7490.0,https://www.amazon.in/SAMSUNG-HW-T42E-XL-Bluetooth-Soundbar/dp/B093SQBFM7/ref=sr_1_26?dib=eyJ2IjoiMSJ9.1bEOEQRwNQ8xR2-rC2Tpga0NNic-0QXWEEGvf_n-kEPI_Zv8cwHQN4-Alff343V2hFYICDncJQvgYE9vKn31fczPBu7TgYijjL3YK9Olky1lA_f0CNBX1LQVIGZ37hhj7pFGmBYKrjYuvCEijwapYN6RthXsquJzUhnoWSAlSmmjCZS7BOCQqe0gPeNogCtblnkbDRHUPrIUOPRrgLUAklXHaiOBnqcfgJdruzKAnos.PEIkvTle2qJ2wAuR5d3_CE0B2hUQyYHReKPwvmvkdgU&dib_tag=se&keywords=boat+dolby+sound+bar&qid=1714047116&sr=8-26
"JBL Cinema SB271, Dolby Digital Soundbar with Wireless Subwoofer for Extra Deep Bass, 2.1 Channel Home Theatre with Remote, HDMI ARC, Bluetooth & Optical Connectivity (220W)",4.0 out of 5 stars,2096,12999.0,https://www.amazon.in/JBL-Soundbar-Subwoofer-Bluetooth-Connectivity/dp/B0B6441RNK/ref=sr_1_27?dib=eyJ2IjoiMSJ9.1bEOEQRwNQ8xR2-rC2Tpga0NNic-0QXWEEGvf_n-kEPI_Zv8cwHQN4-Alff343V2hFYICDncJQvgYE9vKn31fczPBu7TgYijjL3YK9Olky1lA_f0CNBX1LQVIGZ37hhj7pFGmBYKrjYuvCEijwapYN6RthXsquJzUhnoWSAlSmmjCZS7BOCQqe0gPeNogCtblnkbDRHUPrIUOPRrgLUAklXHaiOBnqcfgJdruzKAnos.PEIkvTle2qJ2wAuR5d3_CE0B2hUQyYHReKPwvmvkdgU&dib_tag=se&keywords=boat+dolby+sound+bar&qid=1714047116&sr=8-27
"boAt Aavante Bar Tune Bluetooth Soundbar with 60W RMS Signature Sound, 2.0 Channel, Multi-Connectivity Modes, BT v5.3, EQ Modes, Bass & Treble Controls & Remote Control(Jade Black)",3.8 out of 5 stars,416,3999.0,https://www.amazon.in/boAt-Soundbar-Signature-Multi-Connectivity-Controls/dp/B0BTDRVFW1/ref=sr_1_29?dib=eyJ2IjoiMSJ9.1bEOEQRwNQ8xR2-rC2Tpga0NNic-0QXWEEGvf_n-kEPI_Zv8cwHQN4-Alff343V2hFYICDncJQvgYE9vKn31fczPBu7TgYijjL3YK9Olky1lA_f0CNBX1LQVIGZ37hhj7pFGmBYKrjYuvCEijwapYN6RthXsquJzUhnoWSAlSmmjCZS7BOCQqe0gPeNogCtblnkbDRHUPrIUOPRrgLUAklXHaiOBnqcfgJdruzKAnos.PEIkvTle2qJ2wAuR5d3_CE0B2hUQyYHReKPwvmvkdgU&dib_tag=se&keywords=boat+dolby+sound+bar&qid=1714047116&sr=8-29
"Sony HT-S20R Real 5.1ch Dolby Digital Soundbar for TV with subwoofer and Compact Rear Speakers, 5.1ch Home Theatre System (400W,Bluetooth & USB Connectivity, HDMI & Optical connectivity)",4.6 out of 5 stars,14527,17990.0,https://www.amazon.in/Sony-HT-S20R-Soundbar-Bluetooth-Connectivity/dp/B084685MT1/ref=sr_1_30?dib=eyJ2IjoiMSJ9.1bEOEQRwNQ8xR2-rC2Tpga0NNic-0QXWEEGvf_n-kEPI_Zv8cwHQN4-Alff343V2hFYICDncJQvgYE9vKn31fczPBu7TgYijjL3YK9Olky1lA_f0CNBX1LQVIGZ37hhj7pFGmBYKrjYuvCEijwapYN6RthXsquJzUhnoWSAlSmmjCZS7BOCQqe0gPeNogCtblnkbDRHUPrIUOPRrgLUAklXHaiOBnqcfgJdruzKAnos.PEIkvTle2qJ2wAuR5d3_CE0B2hUQyYHReKPwvmvkdgU&dib_tag=se&keywords=boat+dolby+sound+bar&qid=1714047116&sr=8-30
"GOVO Gosurround 300 | 25W Bluetooth SoundBar, 2000 Mah Battery, 2.0 Channel with 52Mm Drivers, Multicolor Led Lights with TWS, Aux, Bluetooth and USB (Platinum Black)",4.2 out of 5 stars,4237,1699.0,https://www.amazon.in/GOVO-Gosurround-Bluetooth-SoundBar-Multicolor/dp/B0CCPCBW65/ref=sr_1_31?dib=eyJ2IjoiMSJ9.1bEOEQRwNQ8xR2-rC2Tpga0NNic-0QXWEEGvf_n-kEPI_Zv8cwHQN4-Alff343V2hFYICDncJQvgYE9vKn31fczPBu7TgYijjL3YK9Olky1lA_f0CNBX1LQVIGZ37hhj7pFGmBYKrjYuvCEijwapYN6RthXsquJzUhnoWSAlSmmjCZS7BOCQqe0gPeNogCtblnkbDRHUPrIUOPRrgLUAklXHaiOBnqcfgJdruzKAnos.PEIkvTle2qJ2wAuR5d3_CE0B2hUQyYHReKPwvmvkdgU&dib_tag=se&keywords=boat+dolby+sound+bar&qid=1714047116&sr=8-31
"JBL Cinema SB190 Deep Bass, Dolby Atmos Soundbar with Wireless Subwoofer for Extra Deep Bass, 2.1 Channel with Remote, Sound Mode for Voice Clarity, HDMI eARC, Bluetooth & Optical Connectivity (380W)",4.3 out of 5 stars,1546,18996.0,https://www.amazon.in/JBL-Soundbar-Subwoofer-Bluetooth-Connectivity/dp/B0B1J8SXLC/ref=sr_1_32?dib=eyJ2IjoiMSJ9.1bEOEQRwNQ8xR2-rC2Tpga0NNic-0QXWEEGvf_n-kEPI_Zv8cwHQN4-Alff343V2hFYICDncJQvgYE9vKn31fczPBu7TgYijjL3YK9Olky1lA_f0CNBX1LQVIGZ37hhj7pFGmBYKrjYuvCEijwapYN6RthXsquJzUhnoWSAlSmmjCZS7BOCQqe0gPeNogCtblnkbDRHUPrIUOPRrgLUAklXHaiOBnqcfgJdruzKAnos.PEIkvTle2qJ2wAuR5d3_CE0B2hUQyYHReKPwvmvkdgU&dib_tag=se&keywords=boat+dolby+sound+bar&qid=1714047116&sr=8-32
